,word
0,splendid
1,account
2,manners
3,file
4,means
5,pair
6,smug
7,migration
8,neck
9,precise
10,oral
11,stocking
12,lip
13,dirt
14,wisdom
15,polished
16,slavery
17,boxer
18,errant
19,semester
20,mask
21,studying
22,red
23,expensive
24,steel
25,bowling
26,they
27,acknowledge
28,calming
29,yard
30,protector
31,petite
32,mane
33,self
34,tea
35,lung
36,sunglasses
37,loan
38,happy
39,uneducated
40,embargo
41,payday
42,type
43,singer
44,voice
45,Cuba
46,pep
47,smog
48,shame
49,vodka
50,fruit
51,fury
52,miss
53,ties
54,ideas
55,drawers
56,comparison
57,carriage
58,usurp
59,consonant
60,months
61,smooch
62,following
63,improve
64,directions
65,vegetation
66,towards
67,iPhone
68,scan
69,Venus
70,poop
71,deny
72,bush
73,clouds
74,superhero
75,harp
76,tortoise
77,enormous
78,alarm
79,brains
80,north
81,usually
82,pattern
83,this
84,liquid
85,charity
86,acting
87,mentor
88,speak
89,finale
90,crazy
91,teach
92,straw
93,worship
94,taxes
95,butcher
96,complicated
97,Newton
98,hotel
99,brook
100,jug
101,lifting
102,flash
103,hidden
104,uncertain
105,tulip
106,embarrassed
107,meet
108,next
109,explanation
110,switch
111,multiply
112,pollen
113,shipping
114,clinical
115,wonderland
116,reliant
117,pure
118,gate
119,metro
120,turtle
121,unwell
122,dialect
123,nervous
124,mozzarella
125,intense
126,bedding
127,known
128,map
129,faithful
130,factory
131,willing
132,busy
133,lower
134,who
135,bear
136,hello
137,anal
138,moldy
139,broad
140,negotiate
141,blessing
142,twin
143,t-shirt
144,not enough
145,pal
146,maid
147,despair
148,edge
149,potential
150,era
151,chalkboard
152,mush
153,house
154,dog
155,believe
156,lights
157,chomp
158,theory
159,gust
160,conscientious
161,condition
162,San Francisco
163,lemon
164,Venice
165,thee
166,wealthy
167,assign
168,cats
169,cigarette
170,race
171,smooth
172,hug
173,wealth
174,Beethoven
175,climax
176,arrogant
177,curl
178,holiday
179,pupil
180,limbo
181,obligation
182,certain
183,simple
184,cuddle
185,theme
186,skull
187,mindless
188,revolution
189,point
190,wax
191,waiting
192,rigid
193,battle
194,mountain
195,awkward
196,twilight
197,was
198,entry
199,tall
200,goodness
201,reef
202,naive
203,maroon
204,cart
205,droopy
206,playboy
207,Darwin
208,oh
209,oval
210,fall apart
211,mint
212,treat
213,couple
214,ghosts
215,geometry
216,uphold
217,pregnancy
218,them
219,evidence
220,target
221,love
222,delicious
223,sell
224,silent
225,plenty
226,ferocious
227,duvet
228,degree
229,Europe
230,patriotism
231,pottery
232,friendship
233,dwarf
234,relaxed
235,dress
236,nasty
237,yuck
238,yourself
239,bright
240,cheese
241,whack
242,reptile
243,angle
244,hairless
245,weight
246,frost
247,luxurious
248,police
249,binder
250,sleepy
251,fowl
252,link
253,mare
254,teddy bear
255,definite
256,thesis
257,grandma
258,prior
259,amaze
260,paradise
261,television
262,pastoral
263,code
264,felt
265,request
266,right
267,generation
268,greed
269,Tupperware
270,coach
271,lady
272,woe
273,confront
274,goodbye
275,larger
276,mattress
277,lack
278,loner
279,profession
280,read
281,insignificant
282,resilience
283,grizzly
284,gal
285,sneer
286,padding
287,sunburn
288,moment
289,user
290,ask
291,fireplace
292,magician
293,cliff
294,ordinary
295,cunt
296,babies
297,unit
298,petty
299,pleasure
300,solid
301,look
302,announcement
303,weaken
304,women
305,of
306,Japan
307,interior
308,frightened
309,unclean
310,weep
311,no money
312,algebra
313,pose
314,natural
315,thumb
316,part
317,pucker
318,clothing
319,mall
320,dogs
321,track
322,hurry
323,converse
324,oil
325,savor
326,recycle
327,spotless
328,bloated
329,six
330,query
331,plant
332,tremor
333,diet
334,apex
335,don't
336,avenue
337,easy
338,thorn
339,stuffing
340,parking
341,subscription
342,passage
343,necessary
344,rocks
345,intestines
346,tests
347,clothes
348,depressed
349,worthless
350,practical
351,lass
352,mighty
353,stuff
354,date
355,pile
356,closet
357,aged
358,parched
359,delivery
360,cheap
361,cream
362,twitter
363,salmon
364,worry
365,Wednesday
366,full
367,nude
368,cushion
369,week
370,smart
371,slate
372,unfocused
373,extraordinary
374,sow
375,crowds
376,dismal
377,latex
378,two
379,headed
380,trombone
381,pizza
382,wrath
383,philosophy
384,comedian
385,muscle
386,fag
387,hack
388,wake
389,die
390,yellow
391,grandparents
392,alone
393,questions
394,sum
395,copper
396,paws
397,keys
398,novelty
399,column
400,soup
401,gender
402,catholic
403,upright
404,galaxy
405,shatter
406,large
407,pigs
408,racism
409,standard
410,curtain
411,flirt
412,ironing
413,abrupt
414,weed
415,rural
416,production
417,hard work
418,crimson
419,hammer
420,rub
421,entertaining
422,election
423,seatbelt
424,peg
425,squid
426,mate
427,gentle
428,Fahrenheit
429,count on
430,Mary
431,annual
432,formal
433,liberal
434,compact
435,hundred
436,bro
437,perfection
438,poll
439,in time
440,remove
441,along
442,compassion
443,hedge
444,chalk
445,idiocy
446,castle
447,contagious
448,vista
449,throw up
450,pasta
451,companion
452,insane
453,page
454,butt
455,rack
456,should
457,embarrass
458,dense
459,tweet
460,boots
461,climbing
462,okay
463,breaker
464,saver
465,youngster
466,ale
467,hound
468,bookcase
469,analyze
470,wee
471,lily
472,quilt
473,high school
474,chivalry
475,curved
476,moose
477,satchel
478,savvy
479,students
480,misunderstood
481,o
482,gums
483,steed
484,trinity
485,perfume
486,cow
487,offspring
488,bond
489,help
490,bill
491,real estate
492,menu
493,honest
494,drinks
495,essence
496,teeny
497,waves
498,cocoa
499,cucumber
500,depth
501,sludge
502,pick up
503,ground
504,roof
505,delightful
506,row
507,trot
508,woof
509,breakdown
510,pretzel
511,going
512,plush
513,friends
514,tandem
515,creepy
516,UFO
517,external
518,coffee
519,hairy
520,bureaucracy
521,roach
522,swim
523,Muslim
524,unusual
525,controller
526,obsessive
527,thoughtful
528,asset
529,script
530,bolt
531,lazy
532,knights
533,bodyguard
534,short
535,airplane
536,budget
537,chewy
538,voltage
539,force
540,mineral
541,stew
542,eternal
543,join
544,grumpy
545,cinnamon
546,Milky Way
547,golf
548,noun
549,fair
550,item
551,nurse
552,site
553,ecstatic
554,spaghetti
555,main
556,sugar
557,creator
558,future
559,brave
560,complete
561,ongoing
562,journal
563,funds
564,stock
565,ass
566,stomach
567,burger
568,antique
569,ideal
570,lard
571,everywhere
572,relief
573,horse
574,anywhere
575,global warming
576,fiction
577,retired
578,amble
579,nada
580,with
581,dove
582,lock
583,planets
584,torn
585,officer
586,navy
587,maps
588,James
589,pocket
590,slope
591,inflamed
592,stuffy
593,cast
594,watching
595,drizzle
596,vase
597,junior
598,snakes
599,bra
600,plug
601,urine
602,Santa
603,envy
604,racist
605,adhesive
606,beat
607,analysis
608,hungry
609,technology
610,determined
611,soul
612,anatomy
613,dollar
614,Easter
615,unnatural
616,coming
617,sponge
618,lobster
619,monkeys
620,thorough
621,punctuation
622,bliss
623,fracture
624,fortune
625,Tom
626,philosopher
627,hoot
628,reduce
629,ears
630,tongue
631,priority
632,stern
633,mortal
634,motor
635,prison
636,gander
637,witch
638,perfect
639,beginning
640,darkness
641,four
642,we
643,sculpture
644,newspaper
645,magnitude
646,needle
647,lord
648,shoulders
649,rocky
650,shaker
651,shelf
652,utensil
653,elbow
654,pleasing
655,theater
656,dough
657,tragic
658,meadow
659,crab
660,retarded
661,sun
662,Euro
663,writing
664,layer
665,Google
666,delight
667,washing
668,compulsive
669,boil
670,rhinoceros
671,wonder
672,homicide
673,hiking
674,survey
675,covered
676,notes
677,transportation
678,rumble
679,noon
680,gaudy
681,permanent
682,chestnut
683,Buddha
684,kiln
685,daddy
686,wordisnull
687,rough
688,gang
689,professor
690,gain
691,east
692,jumping
693,contraception
694,dreams
695,really
696,relationship
697,tart
698,sauce
699,seeds
700,whoops
701,swoop
702,detailed
703,glass
704,happiness
705,wrestle
706,ocean
707,pole
708,lightening
709,protractor
710,even
711,cocaine
712,value
713,scissors
714,lecture
715,conservative
716,cake
717,particular
718,negative
719,adult
720,grease
721,lactose
722,amazing
723,last
724,community
725,salutations
726,commerce
727,contact
728,ruler
729,joints
730,cars
731,top hat
732,loose
733,herd
734,prominent
735,commander
736,trade
737,fraction
738,mothers
739,Mr
740,creative
741,depart
742,away
743,chime
744,create
745,running
746,purple
747,frail
748,blank
749,compass
750,chuckle
751,classical
752,feel
753,rabies
754,diaper
755,privacy
756,accurate
757,prohibit
758,knight
759,goals
760,cents
761,democratic
762,hot
763,capitalism
764,nose
765,possessive
766,journey
767,sparkling
768,hi
769,corrupt
770,unite
771,absent
772,commence
773,kayak
774,already
775,concerning
776,limited
777,grade
778,ducks
779,trophy
780,station
781,carrot
782,nation
783,matter
784,soothing
785,kin
786,paycheck
787,submit
788,counterfeit
789,drift
790,dot
791,senior
792,panel
793,gorgeous
794,drug
795,dick
796,curve
797,sisters
798,fence
799,hulk
800,beanie
801,male
802,reliable
803,bend
804,style
805,density
806,boy
807,memory
808,hey
809,sector
810,tropics
811,poison
812,sewage
813,architecture
814,volume
815,assume
816,fluffy
817,noodles
818,sleeping
819,genius
820,sail
821,triangle
822,hardworking
823,sigh
824,crack
825,sitcom
826,pieces
827,books
828,puzzle
829,worse
830,collection
831,less
832,against
833,whale
834,inbetween
835,helping
836,contempt
837,groovy
838,spider
839,at
840,sad
841,Texas
842,cold
843,initiate
844,flakes
845,donate
846,wiggle
847,squirrel
848,boob
849,womb
850,desk
851,southern
852,dictionary
853,creature
854,screen
855,mark
856,shake
857,covering
858,youthful
859,can
860,jacket
861,LSD
862,debt
863,responsible
864,nurture
865,unintelligent
866,respect
867,grandchildren
868,crash
869,expertise
870,unwilling
871,ouch
872,invent
873,increase
874,wonderful
875,petrified
876,hamburgers
877,relative
878,define
879,extend
880,original
881,net
882,molecule
883,pond
884,days
885,identity
886,reserve
887,triple
888,documents
889,bees
890,animal
891,rarely
892,rational
893,blob
894,exchange
895,England
896,stumble
897,crush
898,fluid
899,invention
900,hymn
901,barter
902,concept
903,camera
904,breathing
905,junction
906,sombrero
907,beef
908,maybe
909,air
910,terrific
911,opulent
912,joy
913,letter
914,math
915,squat
916,steering
917,drum
918,humane
919,leap
920,learner
921,people
922,plate
923,grief
924,artistic
925,accept
926,trauma
927,antisocial
928,warp
929,Star Wars
930,ape
931,nipple
932,savior
933,eating
934,autumn
935,mechanical
936,eyes
937,blood
938,coffin
939,dandelion
940,tent
941,get
942,characteristic
943,postcard
944,bit
945,braces
946,colors
947,let
948,pervert
949,moo
950,shape
951,release
952,filling
953,accident
954,down under
955,yes
956,backward
957,crackle
958,opaque
959,shots
960,peach
961,gross
962,cola
963,regard
964,distinguish
965,gala
966,belonging
967,refreshing
968,govern
969,tribal
970,prediction
971,penis
972,wag
973,dental
974,bones
975,fixed
976,enemy
977,wanted
978,distasteful
979,suck
980,dolphin
981,person
982,price
983,patch
984,dark
985,extinction
986,hurt
987,written
988,hands
989,valid
990,mammal
991,pancake
992,imagination
993,graduation
994,elephant
995,stove
996,exhaustion
997,queen
998,douche
999,thin
1000,thermometer
1001,squishy
1002,trick
1003,genie
1004,climate change
1005,tech
1006,commercial
1007,backyard
1008,vast
1009,bow
1010,take away
1011,web
1012,birth
1013,leaving
1014,erection
1015,lonely
1016,thread
1017,cute
1018,take
1019,cube
1020,lion
1021,leisure
1022,hunter
1023,fever
1024,dancer
1025,want
1026,Caribbean
1027,dining
1028,hood
1029,land
1030,world
1031,destitute
1032,belongings
1033,saturated
1034,contradictory
1035,turnip
1036,speed
1037,plan
1038,pebbles
1039,powder
1040,industry
1041,ping
1042,excellent
1043,arrest
1044,Broadway
1045,metamorphosis
1046,examine
1047,growth
1048,trustworthy
1049,unkind
1050,longevity
1051,downhill
1052,dilemma
1053,money
1054,tentative
1055,moon
1056,understand
1057,mouse
1058,sucker
1059,occupation
1060,puncture
1061,guys
1062,arms
1063,wobbly
1064,jail
1065,bugs
1066,please
1067,sparrow
1068,fart
1069,delete
1070,laugh
1071,children
1072,closed
1073,partition
1074,bad luck
1075,suitable
1076,care
1077,picture
1078,relay
1079,colon
1080,drool
1081,agency
1082,bulldozer
1083,blocks
1084,sailors
1085,Swiss
1086,inaccurate
1087,vinyl
1088,stench
1089,eve
1090,texture
1091,couch
1092,resourceful
1093,scribe
1094,magpie
1095,coal
1096,include
1097,Las Vegas
1098,frolic
1099,weird
1100,upward
1101,tie
1102,superlative
1103,cellphone
1104,stink
1105,empathy
1106,regret
1107,somber
1108,now
1109,glistening
1110,Irish
1111,limo
1112,competition
1113,organize
1114,everyone
1115,disk
1116,straight
1117,hunting
1118,around
1119,spectacles
1120,cancer
1121,metallic
1122,seaside
1123,required
1124,elf
1125,brunch
1126,wheel
1127,duel
1128,frustrated
1129,screwdriver
1130,property
1131,friendly
1132,category
1133,critter
1134,intend
1135,fallen
1136,workers
1137,it
1138,FALSE
1139,elementary school
1140,inquire
1141,lost
1142,bias
1143,ballot
1144,know
1145,unkempt
1146,pliers
1147,uncomfortable
1148,tenderness
1149,shifty
1150,snot
1151,toward
1152,bus
1153,turquoise
1154,day
1155,suspect
1156,upper
1157,lunar
1158,cardinal
1159,struggle
1160,strength
1161,victory
1162,swear
1163,socket
1164,night
1165,teen
1166,Roman
1167,long hair
1168,roll
1169,saw
1170,landscape
1171,tunes
1172,Christmas tree
1173,draft
1174,below
1175,bacteria
1176,tote
1177,calling
1178,deck
1179,tile
1180,strawberry
1181,exit
1182,red light
1183,million
1184,comic
1185,violent
1186,serving
1187,book
1188,level
1189,lots
1190,aside
1191,earthquake
1192,medical
1193,cruelty
1194,contest
1195,affection
1196,where
1197,thinking
1198,rugby
1199,socialize
1200,lax
1201,sidewalk
1202,dagger
1203,trap
1204,baptism
1205,boot
1206,amusing
1207,view
1208,access
1209,ding dong
1210,had
1211,insurance
1212,path
1213,taller
1214,uncle
1215,width
1216,fabulous
1217,socialism
1218,fitting
1219,spring
1220,sewing
1221,playing
1222,Asian
1223,mood
1224,plow
1225,attraction
1226,check
1227,costly
1228,bore
1229,knowing
1230,purr
1231,submerge
1232,network
1233,raincoat
1234,wooden
1235,helpful
1236,lies
1237,swell
1238,grape
1239,movie
1240,uncertainty
1241,masses
1242,rotation
1243,riot
1244,vicinity
1245,oranges
1246,duty
1247,sport
1248,terminate
1249,Zen
1250,participate
1251,minus
1252,top
1253,pessimist
1254,olive
1255,outdo
1256,personal
1257,crucial
1258,probability
1259,core
1260,noise
1261,granola
1262,management
1263,fight
1264,empty
1265,daughter
1266,witty
1267,disturbing
1268,hen
1269,invoice
1270,necklace
1271,brown
1272,enclosure
1273,food
1274,process
1275,parcel
1276,storage
1277,health
1278,conclusion
1279,Australia
1280,rooster
1281,sucks
1282,lifestyle
1283,dew
1284,striptease
1285,tedious
1286,seal
1287,fields
1288,maker
1289,timeless
1290,spades
1291,doubt
1292,sing
1293,sunscreen
1294,spontaneous
1295,donkey
1296,brick
1297,horrible
1298,container
1299,chips
1300,swollen
1301,acceptable
1302,eerie
1303,goal
1304,bean
1305,thankful
1306,how
1307,tool
1308,morals
1309,company
1310,wed
1311,can't
1312,Star Trek
1313,black and white
1314,rave
1315,lovable
1316,appeal
1317,tight
1318,baby
1319,artist
1320,comfortable
1321,smudge
1322,selfish
1323,biscuits
1324,special
1325,major
1326,vice
1327,anticipate
1328,needed
1329,tide
1330,reality
1331,decisions
1332,boobs
1333,orchestra
1334,preposition
1335,camping
1336,likelihood
1337,frontier
1338,blog
1339,brand
1340,painting
1341,starter
1342,soldier
1343,mess
1344,why
1345,shell
1346,essential
1347,new
1348,down
1349,puzzled
1350,combat
1351,protect
1352,organ
1353,chilly
1354,manure
1355,beep
1356,space
1357,ache
1358,hollow
1359,segregation
1360,terror
1361,tomatoes
1362,atop
1363,jive
1364,blush
1365,truth
1366,consider
1367,brutality
1368,box
1369,ski
1370,party
1371,brass
1372,argue
1373,vulgar
1374,rolling
1375,violet
1376,attain
1377,ecological
1378,equality
1379,pondering
1380,July
1381,loom
1382,pubic
1383,angled
1384,equal
1385,listen
1386,junk
1387,bar
1388,authority
1389,dictator
1390,form
1391,solo
1392,underneath
1393,hue
1394,destination
1395,west
1396,scoop
1397,slick
1398,unworthy
1399,enough
1400,noose
1401,eat
1402,bad guy
1403,dig
1404,problem
1405,Nile
1406,thyme
1407,sparkle
1408,Facebook
1409,rank
1410,did
1411,monster
1412,relax
1413,priceless
1414,German
1415,connect
1416,apples
1417,here
1418,rift
1419,atlas
1420,drama
1421,horror
1422,peaceful
1423,London
1424,debate
1425,Microsoft
1426,resources
1427,brother
1428,region
1429,skim
1430,scare
1431,meatballs
1432,green
1433,hover
1434,smile
1435,football
1436,place
1437,Spock
1438,boats
1439,excessive
1440,college
1441,oversee
1442,good-looking
1443,double
1444,reflect
1445,bowel
1446,prey
1447,sit
1448,famine
1449,pheasant
1450,envelope
1451,con
1452,owl
1453,quickly
1454,possessions
1455,third world
1456,informal
1457,witness
1458,student
1459,attic
1460,very
1461,welcome
1462,viscous
1463,comfort
1464,exact
1465,idiot
1466,mailman
1467,and
1468,looks
1469,relation
1470,icy
1471,bite
1472,canister
1473,shelter
1474,her
1475,factor
1476,library
1477,cheer
1478,not
1479,expert
1480,TRUE
1481,hare
1482,little
1483,catfish
1484,principles
1485,leafy
1486,hazard
1487,wizard
1488,welfare
1489,information
1490,appear
1491,gravel
1492,forward
1493,refuse
1494,ceremony
1495,tissue
1496,suit
1497,gloomy
1498,glue
1499,startle
1500,urban
1501,knee
1502,sofa
1503,Mozart
1504,gas
1505,boxes
1506,Soviet
1507,waste
1508,size
1509,colorful
1510,average
1511,antlers
1512,pram
1513,breasts
1514,cheat
1515,crystal
1516,dots
1517,mama
1518,follow
1519,like
1520,female
1521,invest
1522,saliva
1523,treasure
1524,positive
1525,fellow
1526,shuttle
1527,order
1528,booger
1529,rubbish
1530,contents
1531,nag
1532,cobra
1533,position
1534,celebration
1535,prostitution
1536,grandfather
1537,authentic
1538,workout
1539,carpet
1540,instinctive
1541,representation
1542,have to
1543,satisfied
1544,messy
1545,amazement
1546,register
1547,cut
1548,joke
1549,soon
1550,open
1551,Jell-O
1552,states
1553,poorly
1554,itch
1555,pun
1556,cherish
1557,pet
1558,odd
1559,change
1560,pill
1561,unconditional
1562,royalty
1563,general
1564,activity
1565,start
1566,peas
1567,useful
1568,post
1569,ace
1570,inanimate
1571,heart
1572,wound
1573,coins
1574,sympathy
1575,bride
1576,brake
1577,bacon
1578,blot
1579,courageous
1580,focus
1581,nails
1582,deranged
1583,butter
1584,steeple
1585,nail polish
1586,alive
1587,tutu
1588,hit
1589,glove
1590,Columbus
1591,send
1592,lamb
1593,immediately
1594,range
1595,worthy
1596,snob
1597,forbidden
1598,finances
1599,dawn
1600,sunset
1601,protected
1602,cunning
1603,sticky
1604,psychology
1605,gray
1606,injury
1607,colored
1608,entire
1609,blubber
1610,fold
1611,aquarium
1612,building
1613,sound
1614,bald
1615,republic
1616,sore
1617,dentist
1618,decrease
1619,exploitation
1620,candle
1621,cot
1622,sink
1623,talk
1624,go
1625,ironic
1626,injustice
1627,comfy
1628,hypothesis
1629,lump
1630,island
1631,stupendous
1632,China
1633,assault
1634,overwhelming
1635,Chicago
1636,Billy
1637,muck
1638,fashion
1639,environment
1640,pork
1641,knock
1642,meditation
1643,wool
1644,pride
1645,prosperity
1646,device
1647,test
1648,knot
1649,squish
1650,outgoing
1651,January
1652,difficult
1653,slob
1654,canine
1655,shove
1656,ten
1657,trial
1658,terrorism
1659,camouflage
1660,faith
1661,drain
1662,calculation
1663,scalp
1664,girlfriend
1665,beating
1666,neighbor
1667,fact
1668,legs
1669,vein
1670,youth
1671,kick
1672,master
1673,lice
1674,cook
1675,giggling
1676,engineer
1677,dedication
1678,surgery
1679,drink
1680,times
1681,contain
1682,opera
1683,brotherhood
1684,obey
1685,India
1686,pee
1687,system
1688,variable
1689,everlasting
1690,clip
1691,storm
1692,unexpected
1693,skating
1694,plastic
1695,togetherness
1696,unfortunate
1697,conference
1698,effect
1699,fish
1700,relativity
1701,programmer
1702,parsnip
1703,needles
1704,toys
1705,society
1706,class
1707,kitten
1708,exotic
1709,pepper
1710,sister
1711,grown
1712,boulder
1713,starfish
1714,muscles
1715,salad dressing
1716,scooter
1717,comedy
1718,duo
1719,choice
1720,glad
1721,well done
1722,cable
1723,sentence
1724,five
1725,challenge
1726,cells
1727,run
1728,his
1729,fail
1730,highway
1731,bother
1732,concern
1733,i
1734,honorable
1735,nursing
1736,fear
1737,bristle
1738,panic
1739,play
1740,grapes
1741,gingerbread
1742,minutes
1743,greenery
1744,loss
1745,choose
1746,cash
1747,calendar
1748,progress
1749,baked
1750,baggage
1751,missing
1752,hard
1753,bedtime
1754,cinema
1755,polite
1756,vagina
1757,plank
1758,household
1759,strong
1760,snobbish
1761,opportunity
1762,Smith
1763,despicable
1764,cuisine
1765,refresh
1766,yucky
1767,ritzy
1768,defecate
1769,indent
1770,bigger
1771,bottles
1772,iffy
1773,bought
1774,capacity
1775,hear
1776,mechanics
1777,snake
1778,cell
1779,meager
1780,match
1781,Florida
1782,anguish
1783,solvent
1784,Sunday
1785,sew
1786,ringing
1787,passion
1788,irritant
1789,turf
1790,spot
1791,slap
1792,compute
1793,stem
1794,scrambled
1795,pick
1796,abundant
1797,impulsive
1798,obvious
1799,berry
1800,lit
1801,dine
1802,military
1803,danger
1804,leader
1805,past
1806,farm
1807,pound
1808,Christmas
1809,possession
1810,skiing
1811,lunch
1812,work
1813,religious
1814,glide
1815,sour
1816,teeth
1817,shower
1818,vote
1819,alley
1820,capability
1821,wishing
1822,inhale
1823,violence
1824,jar
1825,freezing
1826,mercury
1827,sphere
1828,hurl
1829,hydrate
1830,basis
1831,slim
1832,beyond
1833,ads
1834,treaty
1835,learning
1836,thorns
1837,spots
1838,fantasy
1839,caution
1840,upscale
1841,fly
1842,cerebral
1843,sundae
1844,bishop
1845,excuse
1846,or
1847,maniac
1848,camel
1849,chocolate
1850,tower
1851,desert
1852,painter
1853,article
1854,men
1855,delay
1856,romantic
1857,mold
1858,bank
1859,canal
1860,task
1861,keep
1862,scales
1863,tuxedo
1864,mist
1865,illness
1866,mines
1867,dominant
1868,oak
1869,creek
1870,radio
1871,voyage
1872,continue
1873,blue
1874,between
1875,middle
1876,poem
1877,statistics
1878,county
1879,weather
1880,fill
1881,ride
1882,bang
1883,to do
1884,opt
1885,allergy
1886,flies
1887,murder
1888,mad
1889,chicken
1890,loud
1891,different
1892,tobacco
1893,beans
1894,extravagant
1895,confrontation
1896,trouble
1897,lose
1898,Egypt
1899,toss
1900,dragon
1901,push
1902,flooring
1903,zombie
1904,motion
1905,out
1906,careful
1907,intention
1908,glitter
1909,born
1910,enthusiastic
1911,news
1912,lean
1913,ethics
1914,starch
1915,comforter
1916,other
1917,wage
1918,celebrity
1919,comply
1920,comrade
1921,Asia
1922,technique
1923,policy
1924,gummy
1925,conserve
1926,balloon
1927,genre
1928,bitch
1929,exercise
1930,unnecessary
1931,trait
1932,waving
1933,gone
1934,feed
1935,old fashioned
1936,a lot
1937,worn
1938,brush
1939,Mac
1940,calories
1941,offense
1942,holder
1943,reading
1944,Spanish
1945,orbit
1946,receipt
1947,halo
1948,sort
1949,virgin
1950,cheery
1951,alibi
1952,tender
1953,ran
1954,grab
1955,jeopardy
1956,ever
1957,turkey
1958,crow
1959,massage
1960,tale
1961,apple
1962,potter
1963,kindness
1964,God
1965,chess
1966,demon
1967,but
1968,pester
1969,document
1970,lavatory
1971,chaos
1972,prepared
1973,nuts
1974,composition
1975,granny
1976,initial
1977,supernatural
1978,sky
1979,miner
1980,today
1981,horns
1982,cheeks
1983,end
1984,fried
1985,sadness
1986,present
1987,cannabis
1988,magic
1989,republican
1990,Jesus
1991,correct
1992,spend
1993,planning
1994,personality
1995,lieutenant
1996,hockey
1997,reason
1998,pray
1999,periscope
2000,pumpkin
2001,pedophile
2002,emergency
2003,canary
2004,laughing
2005,photograph
2006,surf
2007,pocketbook
2008,rule
2009,desktop
2010,loaf
2011,grid
2012,rapid
2013,exploring
2014,garment
2015,timber
2016,truck
2017,fruits
2018,skill
2019,headache
2020,fuck
2021,classroom
2022,meaningless
2023,gift
2024,actually
2025,zone
2026,yet
2027,proactive
2028,serious
2029,obedient
2030,rights
2031,cracker
2032,ponder
2033,cave
2034,stump
2035,standing
2036,karaoke
2037,nutrition
2038,vampire
2039,yum
2040,briefs
2041,aluminum
2042,when
2043,bills
2044,events
2045,knowledge
2046,silly
2047,silky
2048,whole
2049,masculine
2050,haven
2051,Wikipedia
2052,itchy
2053,disciple
2054,melody
2055,gut
2056,notepad
2057,receiving
2058,cotton
2059,knob
2060,tasty
2061,previous
2062,finger
2063,fifth
2064,sharp
2065,whiteboard
2066,shout
2067,hurdle
2068,conversation
2069,African
2070,cob
2071,stick
2072,defense
2073,roses
2074,solar
2075,piece
2076,snooze
2077,way
2078,kitty
2079,cattle
2080,madam
2081,equation
2082,pass
2083,financial
2084,bears
2085,goats
2086,obstacle
2087,pitchfork
2088,instruct
2089,spray
2090,same
2091,morose
2092,jobless
2093,flag
2094,scorn
2095,limp
2096,kind
2097,communication
2098,posterior
2099,pointless
2100,plumb
2101,inconvenience
2102,mother
2103,spay
2104,gamble
2105,answer
2106,orchid
2107,associated
2108,vinegar
2109,acceptance
2110,before
2111,condom
2112,hers
2113,brute
2114,feelings
2115,expansive
2116,selfless
2117,meal
2118,count
2119,yawn
2120,orb
2121,fighting
2122,retail
2123,wallet
2124,area
2125,shave
2126,beverage
2127,depletion
2128,sage
2129,mascara
2130,succor
2131,bulb
2132,grandpa
2133,examination
2134,satin
2135,disease
2136,ages
2137,torch
2138,private
2139,blowjob
2140,tack
2141,vibrate
2142,friend
2143,crawly
2144,tragedy
2145,grassy
2146,cortex
2147,stamp
2148,eyelashes
2149,rip
2150,shorts
2151,wave
2152,security
2153,moist
2154,loyal
2155,lumberjack
2156,what
2157,serene
2158,if
2159,majority
2160,barge
2161,Superman
2162,forest
2163,pensive
2164,hell
2165,allergies
2166,ability
2167,city
2168,necessity
2169,rebel
2170,nickel
2171,toast
2172,wellbeing
2173,cooking
2174,tired
2175,hospitality
2176,scarf
2177,toy
2178,fiery
2179,shot
2180,fierce
2181,savory
2182,lovely
2183,drawing
2184,make up
2185,mind
2186,Wall Street
2187,married
2188,powerful
2189,keeper
2190,stage
2191,bullet
2192,February
2193,forceful
2194,subordinate
2195,spear
2196,square
2197,proud
2198,tee
2199,exams
2200,shopping
2201,chase
2202,tummy
2203,Plato
2204,train
2205,staff
2206,dear
2207,call
2208,use
2209,infant
2210,cloth
2211,liver
2212,puddle
2213,stiff
2214,villain
2215,finished
2216,by
2217,bread
2218,radius
2219,vigor
2220,communism
2221,shortage
2222,assignment
2223,goes
2224,gigantic
2225,pencil
2226,directed
2227,bender
2228,personnel
2229,conjunction
2230,instant
2231,pressure
2232,mice
2233,rise
2234,attack
2235,coat
2236,bloke
2237,tumble
2238,elm
2239,bully
2240,quack
2241,ebony
2242,Mexico
2243,beneath
2244,softball
2245,possibility
2246,glow
2247,politic
2248,madness
2249,degrees
2250,stuck
2251,relatives
2252,workshop
2253,biology
2254,sperm
2255,phobia
2256,biceps
2257,whiny
2258,pleasant
2259,sock
2260,Japanese
2261,insightful
2262,online
2263,earring
2264,dream
2265,oneself
2266,tapioca
2267,riches
2268,presentation
2269,passing
2270,print
2271,smoker
2272,cozy
2273,outstanding
2274,zit
2275,opinion
2276,fell
2277,completed
2278,hate
2279,ants
2280,hay
2281,branch
2282,politics
2283,shovel
2284,funky
2285,port
2286,NASA
2287,job
2288,anxiety
2289,prostitute
2290,sand
2291,helmet
2292,shy
2293,breakfast
2294,mitten
2295,programming
2296,excitable
2297,war
2298,swimming pool
2299,breeze
2300,damp
2301,situation
2302,flimsy
2303,befuddled
2304,said
2305,sunlight
2306,however
2307,detest
2308,ink
2309,intuition
2310,postman
2311,wash
2312,towel
2313,vessel
2314,unconscious
2315,undo
2316,sweet
2317,popular
2318,coarse
2319,blossom
2320,say
2321,bracelet
2322,wriggle
2323,pussy
2324,number
2325,pot
2326,mirror
2327,comeback
2328,cultural
2329,smiles
2330,marine
2331,elegant
2332,hold
2333,lessen
2334,words
2335,confusion
2336,locked
2337,remainder
2338,wheelbarrow
2339,van
2340,mat
2341,hurtful
2342,responsibility
2343,beaches
2344,alligator
2345,peanuts
2346,foreigner
2347,overseas
2348,mourn
2349,do not
2350,paranoia
2351,shun
2352,Mexican
2353,mosque
2354,pod
2355,uneasy
2356,real
2357,tied
2358,caress
2359,inspiration
2360,science
2361,blond
2362,giving
2363,flavor
2364,catwalk
2365,cards
2366,spoon
2367,able
2368,wars
2369,hearth
2370,approval
2371,relaxing
2372,preparation
2373,pest
2374,silver
2375,three
2376,synapse
2377,apparel
2378,consume
2379,market
2380,classic
2381,cardboard
2382,banana
2383,above
2384,cycle
2385,mom
2386,rare
2387,sneak
2388,morning
2389,results
2390,section
2391,zero
2392,trio
2393,shirt
2394,enjoyment
2395,lips
2396,spirit
2397,landing
2398,furry
2399,nations
2400,lollipop
2401,better
2402,Olympics
2403,forehead
2404,unlike
2405,girls
2406,fire
2407,juicy
2408,magnetic
2409,allow
2410,rain
2411,high
2412,brothel
2413,pillow
2414,laughter
2415,cookbook
2416,fog
2417,rings
2418,tomorrow
2419,flesh
2420,cathedral
2421,victim
2422,attempt
2423,need
2424,pearl
2425,arrive
2426,son
2427,booth
2428,cushy
2429,unruly
2430,spine
2431,cognitive
2432,flock
2433,beg
2434,goddess
2435,instrument
2436,sly
2437,save
2438,teens
2439,dinner
2440,American
2441,south
2442,gay
2443,heavy
2444,father
2445,gooey
2446,spoke
2447,mince
2448,angry
2449,rent
2450,cloths
2451,neuter
2452,pink
2453,falsehood
2454,root
2455,fragile
2456,currency
2457,Italian
2458,pressing
2459,pop
2460,trivia
2461,logo
2462,bicycle
2463,feast
2464,state
2465,frown
2466,record
2467,clear
2468,certificate
2469,irrational
2470,birds
2471,knives
2472,Indian
2473,deaf
2474,mend
2475,cherries
2476,tail
2477,store
2478,fetish
2479,remorse
2480,destroyed
2481,inspire
2482,wing
2483,hospital
2484,stallion
2485,foul
2486,eyelash
2487,oyster
2488,steady
2489,elegance
2490,brief
2491,iPod
2492,kid
2493,drinking
2494,gaze
2495,arithmetic
2496,protein
2497,lamp
2498,border
2499,metric
2500,none
2501,slimy
2502,string
2503,scroll
2504,official
2505,anti
2506,meeting
2507,Rome
2508,curry
2509,strive
2510,rut
2511,sip
2512,period
2513,apathy
2514,satisfying
2515,gear
2516,evolution
2517,possibly
2518,leave
2519,handy
2520,minute
2521,conformity
2522,enforcement
2523,acid
2524,young
2525,pelt
2526,CD
2527,occupied
2528,rubber
2529,sweep
2530,honor
2531,gravity
2532,saga
2533,walking
2534,landfill
2535,atom
2536,tone
2537,chimney
2538,sometimes
2539,a
2540,yell
2541,trigger
2542,sack
2543,outer
2544,needy
2545,icing
2546,greedy
2547,in charge
2548,studies
2549,answers
2550,frozen
2551,crude
2552,tire
2553,solar system
2554,game
2555,sequence
2556,option
2557,stethoscope
2558,long
2559,joker
2560,rouge
2561,oar
2562,merit
2563,swing
2564,cursive
2565,noisy
2566,Minecraft
2567,desirable
2568,puppy
2569,paper
2570,peace
2571,rainbow
2572,foe
2573,peppermint
2574,close
2575,modern
2576,slave
2577,moral
2578,origin
2579,sharing
2580,cheek
2581,shut
2582,shortcake
2583,tick
2584,political
2585,notion
2586,criminal
2587,culture
2588,trapped
2589,novice
2590,nil
2591,crustacean
2592,woo
2593,history
2594,lava
2595,affair
2596,wet
2597,follower
2598,bag
2599,thrift
2600,me
2601,maze
2602,roller
2603,basic
2604,first
2605,smiling
2606,tension
2607,see through
2608,movies
2609,omit
2610,dry
2611,Greek
2612,thirst
2613,darling
2614,taken
2615,pageant
2616,hearing
2617,list
2618,telescope
2619,countdown
2620,height
2621,services
2622,transaction
2623,marriage
2624,own
2625,nucleus
2626,much
2627,humble
2628,isolated
2629,novel
2630,Bob
2631,quench
2632,basin
2633,meter
2634,lively
2635,guy
2636,fairness
2637,a few
2638,damage
2639,dress up
2640,dance
2641,doctor
2642,flee
2643,garbage
2644,capture
2645,big
2646,sure
2647,inside
2648,table
2649,stand
2650,wine
2651,cling
2652,rot
2653,paddle
2654,flow
2655,overcome
2656,she
2657,super
2658,fashionable
2659,cleaning
2660,into
2661,tube
2662,anyone
2663,hurricane
2664,verbal
2665,equator
2666,crowd
2667,skeleton
2668,association
2669,untrue
2670,monks
2671,strategy
2672,punishment
2673,thought
2674,accomplish
2675,lake
2676,float
2677,sex
2678,handsome
2679,pants
2680,trance
2681,anarchist
2682,prevention
2683,rescue
2684,Italy
2685,meat
2686,photosynthesis
2687,game show
2688,cloudy
2689,inadequate
2690,awe
2691,quantity
2692,measure
2693,identify
2694,death
2695,light year
2696,inviting
2697,reward
2698,frigid
2699,pouch
2700,organization
2701,handle
2702,bass
2703,chaser
2704,tires
2705,brow
2706,good
2707,razor
2708,excitement
2709,lash
2710,bouquet
2711,broke
2712,fertile
2713,exam
2714,tank
2715,lead
2716,grapefruit
2717,unemployed
2718,block
2719,skyscraper
2720,girl
2721,grate
2722,arena
2723,USA
2724,birch
2725,trip
2726,hurried
2727,subtract
2728,downtown
2729,base
2730,juice
2731,dinosaur
2732,runner
2733,manufacture
2734,explore
2735,conjoined
2736,next to
2737,raisins
2738,crazed
2739,soda
2740,freak
2741,wager
2742,connection
2743,project
2744,circles
2745,mine
2746,lesson
2747,throat
2748,forth
2749,desolate
2750,hike
2751,guns
2752,shield
2753,annoying
2754,orgasm
2755,bars
2756,quiet
2757,fist
2758,tears
2759,athlete
2760,giggle
2761,sparse
2762,racing
2763,field
2764,story
2765,locker
2766,normal
2767,heave
2768,communicate
2769,flood
2770,ingredients
2771,for
2772,respond
2773,fuel
2774,hand
2775,jealousy
2776,shitty
2777,exquisite
2778,one
2779,intimate
2780,dumb
2781,tend
2782,whirl
2783,rely
2784,chap
2785,superior
2786,nail
2787,gateway
2788,prim
2789,axis
2790,mum
2791,chance
2792,dreary
2793,custom
2794,barbecue
2795,gloom
2796,bad
2797,descend
2798,whim
2799,baking
2800,barf
2801,subconscious
2802,token
2803,tin
2804,outcast
2805,timid
2806,fusion
2807,fan
2808,unattractive
2809,transparent
2810,homosexual
2811,not real
2812,irritable
2813,seafood
2814,spirits
2815,sense
2816,player
2817,tackle
2818,within
2819,lines
2820,bumblebee
2821,skirt
2822,shop
2823,sensual
2824,ahead
2825,loved
2826,fit
2827,sickly
2828,shallow
2829,sober
2830,burden
2831,data
2832,lightning
2833,attractive
2834,balls
2835,indecisive
2836,festival
2837,unsafe
2838,mill
2839,entertainment
2840,old people
2841,spin
2842,too
2843,parents
2844,hippie
2845,chemistry
2846,humid
2847,snug
2848,destroy
2849,lug
2850,apologize
2851,inform
2852,dependent
2853,shore
2854,fabric
2855,abuse
2856,hair
2857,construct
2858,cry
2859,leg
2860,plane
2861,nun
2862,fork
2863,infectious
2864,walnut
2865,horizon
2866,snuggle
2867,sublime
2868,ship
2869,wit
2870,bug
2871,raw
2872,kids
2873,mud
2874,rear
2875,evaluation
2876,spoil
2877,cent
2878,regarding
2879,mental
2880,corruption
2881,hope
2882,ear
2883,sir
2884,distant
2885,Paris
2886,peel
2887,press
2888,nonsense
2889,sob
2890,hemisphere
2891,consistent
2892,center
2893,sleet
2894,yesterday
2895,ambition
2896,momentum
2897,progressive
2898,flying
2899,smashed
2900,adorable
2901,minded
2902,goo
2903,falling
2904,swords
2905,compress
2906,lesser
2907,hurting
2908,countries
2909,aware
2910,daisy
2911,sensitive
2912,random
2913,lying
2914,return
2915,miracle
2916,club
2917,mode
2918,flighty
2919,yuk
2920,productive
2921,sprint
2922,thirsty
2923,borrow
2924,meditate
2925,feline
2926,being
2927,ice
2928,stream
2929,checkbook
2930,loser
2931,cock
2932,tree
2933,beer
2934,camp
2935,pathway
2936,head
2937,emotion
2938,icky
2939,cranky
2940,grime
2941,bind
2942,swamp
2943,sufficient
2944,mosquito
2945,regal
2946,bushes
2947,daily
2948,pessimistic
2949,sickness
2950,vacation
2951,hipster
2952,pin
2953,finance
2954,total
2955,roasted
2956,entitled
2957,spa
2958,cops
2959,rabbit
2960,unhappy
2961,ridicule
2962,bells
2963,mock
2964,perhaps
2965,weak
2966,deodorant
2967,earth
2968,conceal
2969,hunger
2970,moron
2971,cowboys
2972,command
2973,monetary
2974,conscious
2975,motivated
2976,street
2977,case
2978,wayward
2979,troubled
2980,unaware
2981,goat
2982,slice
2983,spiteful
2984,no
2985,must
2986,Germany
2987,otherwise
2988,cowboy
2989,definition
2990,come
2991,rider
2992,report
2993,courage
2994,jam
2995,optimist
2996,eye
2997,abandon
2998,cigarettes
2999,only
3000,recruit
3001,yacht
3002,casino
3003,proper
3004,pristine
3005,light
3006,pretend
3007,tactful
3008,farmer
3009,clown
3010,just
3011,gobble
3012,stool
3013,taste
3014,failure
3015,inch
3016,earn
3017,funeral
3018,toothbrush
3019,dull
3020,prince
3021,curious
3022,ambiance
3023,helpless
3024,Band-Aid
3025,sleep
3026,traffic
3027,vacancy
3028,John
3029,act
3030,supermarket
3031,image
3032,sophisticated
3033,typical
3034,doom
3035,sandwich
3036,healing
3037,foolish
3038,pine
3039,hump
3040,ice cream
3041,filled
3042,hog
3043,toasty
3044,beneficial
3045,economy
3046,attachment
3047,neither
3048,sheltered
3049,pineapple
3050,service
3051,stutter
3052,catch
3053,mortality
3054,digestion
3055,write
3056,surprising
3057,chair
3058,innocent
3059,he
3060,difficulty
3061,babble
3062,carnivore
3063,ton
3064,kangaroo
3065,possible
3066,plural
3067,their
3068,back
3069,sunny
3070,lengthy
3071,yarn
3072,polka
3073,automatic
3074,pat
3075,stars
3076,pitch
3077,vowel
3078,litter
3079,shocking
3080,purity
3081,yummy
3082,transport
3083,text
3084,immoral
3085,tango
3086,devil
3087,email
3088,sentences
3089,parallel
3090,wanting
3091,maintain
3092,gum
3093,crunchy
3094,fumble
3095,unable
3096,moat
3097,understandable
3098,guest
3099,cab
3100,seaman
3101,still
3102,walker
3103,interest
3104,nest
3105,Africa
3106,all
3107,up
3108,dead
3109,outdoors
3110,teaching
3111,liter
3112,trust
3113,response
3114,credit
3115,moody
3116,usual
3117,mutant
3118,amoeba
3119,concert
3120,from
3121,makeup
3122,wiggly
3123,rich
3124,naked
3125,Christianity
3126,blanket
3127,racket
3128,comprehend
3129,model
3130,teachers
3131,supper
3132,suitcase
3133,boring
3134,may
3135,defend
3136,package
3137,inquiry
3138,alternative
3139,North Pole
3140,incredible
3141,devastation
3142,wear
3143,scrub
3144,minimal
3145,crying
3146,bookstore
3147,lad
3148,jerk
3149,yearning
3150,working
3151,fuzzy
3152,road
3153,salt
3154,glasses
3155,sake
3156,Disney
3157,sneeze
3158,steak
3159,lame
3160,dip
3161,amusement
3162,ant
3163,delayed
3164,futile
3165,sweaty
3166,star
3167,wild
3168,tow
3169,nasal
3170,plaster
3171,cooler
3172,trying
3173,metal
3174,safety
3175,prank
3176,trendy
3177,files
3178,mean
3179,grounded
3180,tampon
3181,feet
3182,ugh
3183,engaged
3184,free
3185,oxygen
3186,talent
3187,feces
3188,king
3189,destruction
3190,confusing
3191,polar
3192,polish
3193,void
3194,potatoes
3195,observe
3196,lager
3197,religion
3198,famous
3199,records
3200,guidance
3201,Native American
3202,grind
3203,early
3204,routine
3205,treacherous
3206,bananas
3207,hop
3208,brothers
3209,fix
3210,collapse
3211,preference
3212,spaceship
3213,common
3214,summit
3215,grace
3216,inferior
3217,popcorn
3218,trail
3219,crafts
3220,soap
3221,series
3222,abundance
3223,saying
3224,stretch
3225,rude
3226,jeans
3227,electronic
3228,cutter
3229,telephone
3230,spiky
3231,after
3232,urgent
3233,believing
3234,Hebrew
3235,chief
3236,tape
3237,lotion
3238,rage
3239,video
3240,cane
3241,drugs
3242,shepherd
3243,geek
3244,tooth
3245,phrase
3246,universe
3247,drop
3248,sushi
3249,truthfully
3250,bricks
3251,elementary
3252,harmonica
3253,squeak
3254,sheriff
3255,toddler
3256,round
3257,something
3258,chest
3259,lungs
3260,bud
3261,grades
3262,quality
3263,assist
3264,set
3265,tub
3266,bye
3267,duck
3268,tour
3269,calcium
3270,unique
3271,rifle
3272,shark
3273,available
3274,sturdy
3275,department
3276,heaven
3277,always
3278,thoughts
3279,animals
3280,sword
3281,prize
3282,dusty
3283,spelling
3284,faithfulness
3285,cheerful
3286,talking
3287,crawl
3288,lay
3289,seduction
3290,material
3291,comet
3292,snacks
3293,evil
3294,attach
3295,him
3296,silence
3297,that
3298,entrance
3299,calculate
3300,warning
3301,soothe
3302,broom
3303,buttocks
3304,bump
3305,distracted
3306,left
3307,hobo
3308,biscuit
3309,herb
3310,depressive
3311,hardy
3312,healthy
3313,village
3314,suede
3315,beak
3316,exterior
3317,will
3318,steep
3319,stare
3320,note
3321,french fries
3322,black
3323,years
3324,guard
3325,filthy
3326,small
3327,separate
3328,gadget
3329,upon
3330,garlic
3331,detail
3332,captain
3333,fridge
3334,digit
3335,incline
3336,crime
3337,others
3338,final
3339,archeology
3340,windows
3341,far away
3342,home
3343,flight
3344,eternity
3345,cough
3346,office
3347,spy
3348,haircut
3349,far
3350,jungle
3351,function
3352,injured
3353,paw
3354,alright
3355,except
3356,remains
3357,stable
3358,monkey
3359,demand
3360,whoosh
3361,lynch
3362,blaster
3363,native
3364,deer
3365,baseball
3366,chat
3367,brain
3368,priest
3369,heat
3370,whether
3371,doe
3372,peanut
3373,determination
3374,trampoline
3375,trash
3376,slum
3377,virtue
3378,casual
3379,location
3380,afar
3381,leaf
3382,bodybuilder
3383,machine
3384,quota
3385,savings
3386,ward
3387,no one
3388,dressing
3389,teaspoon
3390,buddy
3391,pro
3392,horrid
3393,were
3394,throw
3395,cluster
3396,calm
3397,copy
3398,astronaut
3399,example
3400,lot
3401,Titanic
3402,cosmetics
3403,bowl
3404,satisfactory
3405,seriously
3406,whiskey
3407,divider
3408,wrench
3409,sweets
3410,fungus
3411,squeeze
3412,operation
3413,carton
3414,Friday
3415,ago
3416,fig
3417,underwear
3418,unfriendly
3419,lap
3420,making
3421,fries
3422,pool
3423,squint
3424,twice
3425,slippery
3426,weapon
3427,toes
3428,weekend
3429,beam
3430,summary
3431,prosper
3432,films
3433,enter
3434,honey
3435,Buddhism
3436,second
3437,shuffle
3438,payment
3439,nighttime
3440,Christ
3441,lid
3442,gathering
3443,mail
3444,fame
3445,applause
3446,method
3447,pull
3448,actors
3449,sorry
3450,carbon
3451,forethought
3452,measurement
3453,slippers
3454,margarine
3455,housewife
3456,associate
3457,encourage
3458,generous
3459,stupidity
3460,gritty
3461,could
3462,fragrant
3463,warrior
3464,grandmother
3465,prism
3466,wimp
3467,bunny
3468,error
3469,teenager
3470,jargon
3471,bushy
3472,escape
3473,sails
3474,adjective
3475,country
3476,tiles
3477,fresh
3478,groom
3479,beach
3480,laziness
3481,upper class
3482,awesome
3483,dancing
3484,door
3485,phone
3486,bloom
3487,arc
3488,mister
3489,humans
3490,government
3491,sick
3492,resolution
3493,fortitude
3494,bomb
3495,speedy
3496,purpose
3497,furniture
3498,claim
3499,democrat
3500,without
3501,flower
3502,gymnastics
3503,education
3504,haughty
3505,bumble
3506,chart
3507,commit
3508,smell
3509,sign
3510,loyalty
3511,indifferent
3512,educate
3513,waterfall
3514,plasma
3515,appearance
3516,suicide
3517,jokes
3518,affirmative
3519,painful
3520,civilization
3521,design
3522,basketball
3523,consciousness
3524,ghetto
3525,protection
3526,duet
3527,grim
3528,cool
3529,which
3530,shorter
3531,brunette
3532,propaganda
3533,fedora
3534,bubbles
3535,sight
3536,trumpet
3537,Valentine
3538,neuron
3539,karate
3540,mischievous
3541,knowledgeable
3542,planet
3543,unstable
3544,worried
3545,shaken
3546,boiled
3547,media
3548,remote
3549,portion
3550,family
3551,playground
3552,games
3553,additional
3554,further
3555,plus
3556,wilderness
3557,haystack
3558,x
3559,tropical
3560,convenient
3561,starving
3562,limb
3563,alien
3564,never
3565,lens
3566,finality
3567,geese
3568,politician
3569,narrow
3570,hang
3571,duration
3572,addiction
3573,argument
3574,express
3575,designer
3576,dishonest
3577,purchase
3578,nearly
3579,geography
3580,essay
3581,else
3582,bell
3583,stone
3584,cocktail
3585,Thanksgiving
3586,boner
3587,belly
3588,newspapers
3589,tiger
3590,ballerina
3591,reaction
3592,graph
3593,considerate
3594,arrange
3595,sinister
3596,forgiveness
3597,sled
3598,orange juice
3599,finish
3600,flame
3601,sleazy
3602,bin
3603,miniature
3604,result
3605,dairy
3606,western
3607,leather
3608,mortgage
3609,algae
3610,runny
3611,correspondence
3612,come back
3613,later
3614,terminal
3615,pie
3616,oops
3617,performance
3618,strap
3619,saving
3620,alert
3621,bee
3622,plead
3623,energy
3624,seed
3625,husband
3626,movement
3627,shoes
3628,graveyard
3629,dim
3630,am
3631,inappropriate
3632,cookies
3633,fast
3634,careless
3635,pen
3636,swallow
3637,expect
3638,mommy
3639,excited
3640,fascist
3641,meow
3642,difference
3643,misunderstand
3644,some
3645,avoid
3646,possess
3647,investigate
3648,robber
3649,slip
3650,killer
3651,touching
3652,salad
3653,behind
3654,caregiver
3655,beige
3656,bicep
3657,improvement
3658,barley
3659,mobile
3660,whip
3661,irritated
3662,olive oil
3663,California
3664,guitar
3665,maths
3666,electricity
3667,fool
3668,roast
3669,lie
3670,found
3671,spongy
3672,clean
3673,soak
3674,twine
3675,twisted
3676,carry
3677,select
3678,Lord of the Rings
3679,detective
3680,afraid
3681,cautious
3682,told
3683,secret
3684,wings
3685,encyclopedia
3686,grammar
3687,loot
3688,fascinating
3689,swimming
3690,current
3691,are
3692,lace
3693,flowers
3694,hallway
3695,miles
3696,weeds
3697,pump
3698,let down
3699,mow
3700,raise
3701,skinny
3702,touch
3703,chewing
3704,goods
3705,tarot
3706,scientific
3707,pictures
3708,fetch
3709,odor
3710,hunt
3711,compile
3712,cavity
3713,sting
3714,logic
3715,effort
3716,dish
3717,nuclear
3718,sheets
3719,bury
3720,ecosystem
3721,problems
3722,boat
3723,lizard
3724,outside
3725,drapes
3726,speakers
3727,chew
3728,lettuce
3729,uncaring
3730,partner
3731,places
3732,basket
3733,grin
3734,ghost
3735,given
3736,bank account
3737,caffeine
3738,lyrics
3739,winning
3740,physical
3741,soccer
3742,income
3743,sinker
3744,regulations
3745,auto
3746,ding
3747,Shakespeare
3748,flashlight
3749,enjoyable
3750,cover
3751,everything
3752,purse
3753,fortunate
3754,aids
3755,shapes
3756,robe
3757,animate
3758,advice
3759,atmosphere
3760,expression
3761,orange
3762,gourmet
3763,aqua
3764,surprise
3765,law
3766,wife
3767,stop
3768,umbrella
3769,uniform
3770,satisfaction
3771,hat
3772,shudder
3773,utility
3774,dune
3775,theirs
3776,chubby
3777,nearby
3778,chill
3779,thick
3780,fortify
3781,bounce
3782,roar
3783,tomato
3784,snow
3785,subway
3786,swan
3787,scratch
3788,shoe
3789,waddle
3790,quantum
3791,intellectual
3792,school
3793,unafraid
3794,freezer
3795,ready
3796,speech
3797,fault
3798,immerse
3799,pus
3800,decision
3801,outback
3802,afternoon
3803,pets
3804,theme park
3805,statue
3806,imagine
3807,walking stick
3808,vibrant
3809,mass
3810,carefree
3811,earl
3812,based
3813,schedule
3814,fattening
3815,primary
3816,fairy
3817,dandruff
3818,loathe
3819,pedestrian
3820,agreement
3821,smells
3822,anniversary
3823,quick
3824,nerd
3825,woods
3826,terrible
3827,classification
3828,spices
3829,fall
3830,grey
3831,safari
3832,wrapping paper
3833,line
3834,PhD
3835,driver
3836,lover
3837,indoors
3838,every
3839,interesting
3840,familiar
3841,key
3842,streets
3843,ham
3844,chaps
3845,toilet
3846,carbonation
3847,glare
3848,aim
3849,gap
3850,spread
3851,imprisonment
3852,hero
3853,tenure
3854,whisper
3855,variety
3856,yogurt
3857,fake
3858,neat
3859,chop
3860,is
3861,begin
3862,music
3863,time
3864,zoo
3865,oats
3866,twenty
3867,bleak
3868,linen
3869,chant
3870,body
3871,ways
3872,so
3873,horses
3874,win
3875,tits
3876,covet
3877,giant
3878,joyful
3879,sitting
3880,anger
3881,cape
3882,poker
3883,fighter
3884,nostril
3885,peasant
3886,boxers
3887,cutlery
3888,safe
3889,measuring
3890,oppression
3891,fitness
3892,lottery
3893,memorize
3894,taking
3895,mundane
3896,dunce
3897,tax
3898,appropriate
3899,universal
3900,rope
3901,famished
3902,tardy
3903,tray
3904,university
3905,living
3906,athletic
3907,poetic
3908,cuddly
3909,old
3910,move
3911,imbibe
3912,toot
3913,Omega
3914,raft
3915,architect
3916,pack
3917,muscular
3918,embrace
3919,burn
3920,twat
3921,have
3922,shade
3923,deity
3924,consumer
3925,fewer
3926,wish
3927,address
3928,ending
3929,frame
3930,loads
3931,feather
3932,lacking
3933,hook
3934,joint
3935,persona
3936,skills
3937,seeing
3938,try
3939,Canada
3940,mostly
3941,twig
3942,investigation
3943,explode
3944,illegal
3945,length
3946,sash
3947,tease
3948,wolf
3949,knees
3950,clarity
3951,woodworking
3952,freeze
3953,looking
3954,burning
3955,population
3956,romance
3957,blind
3958,aroma
3959,rape
3960,millionaire
3961,latte
3962,computer
3963,existence
3964,miserable
3965,folk
3966,timing
3967,bed
3968,America
3969,buy
3970,tell
3971,aristocrat
3972,gaming
3973,Saturn
3974,continuous
3975,refusal
3976,sexy
3977,goldfish
3978,unpredictable
3979,my
3980,spouse
3981,unpleasant
3982,malleable
3983,rat
3984,womanly
3985,disappoint
3986,figure
3987,best
3988,fox
3989,probable
3990,posh
3991,huge
3992,inspector
3993,jiggle
3994,mushy
3995,rotten
3996,tramp
3997,tot
3998,damaged
3999,shampoo
4000,capable
4001,gun
4002,wand
4003,pubic hair
4004,judge
4005,evening
4006,hide
4007,economics
4008,quest
4009,aspirin
4010,shit
4011,watch
4012,caring
4013,Halloween
4014,wheat
4015,in
4016,divorce
4017,truthful
4018,blade
4019,diver
4020,merry
4021,scary
4022,foam
4023,Harry Potter
4024,mixed
4025,few
4026,off
4027,respectful
4028,songs
4029,guess
4030,fun
4031,squash
4032,inability
4033,think
4034,Celsius
4035,decay
4036,hill
4037,minority
4038,dash
4039,ceiling
4040,gleaming
4041,produce
4042,favor
4043,attire
4044,adventure
4045,science fiction
4046,tune
4047,carpenter
4048,crap
4049,ugly
4050,circle
4051,abode
4052,detach
4053,topic
4054,slow
4055,wig
4056,development
4057,orderly
4058,spit
4059,giddy
4060,prefer
4061,blaze
4062,quote
4063,ethical
4064,lucky
4065,pounds
4066,statement
4067,tradition
4068,assured
4069,blazer
4070,speck
4071,boxing
4072,film
4073,deceased
4074,belt
4075,diary
4076,penny
4077,mankind
4078,hearts
4079,agitated
4080,neon
4081,cause
4082,vocabulary
4083,owner
4084,pages
4085,former
4086,constitution
4087,inner
4088,break
4089,France
4090,serenity
4091,bent
4092,educated
4093,jewelry
4094,done
4095,add
4096,distance
4097,under
4098,quite
4099,event
4100,dishes
4101,calorie
4102,newborn
4103,eager
4104,parliament
4105,poor
4106,elderly
4107,cello
4108,musician
4109,division
4110,six pack
4111,direction
4112,realistic
4113,dismay
4114,ball
4115,nylons
4116,numeral
4117,explain
4118,avoidance
4119,abstract
4120,guts
4121,team
4122,vague
4123,assistance
4124,vegetable
4125,notebook
4126,acquire
4127,porn
4128,together
4129,bathtub
4130,tactile
4131,photography
4132,grocery
4133,pale
4134,marker
4135,promise
4136,crouch
4137,walls
4138,bathroom
4139,blow
4140,destructive
4141,longing
4142,fulfillment
4143,hatred
4144,wishes
4145,disallow
4146,potato
4147,work out
4148,among
4149,sailing
4150,liar
4151,breast
4152,tiring
4153,steamy
4154,continent
4155,industrial
4156,content
4157,went
4158,naughty
4159,menstruation
4160,soft
4161,alcohol
4162,academia
4163,planes
4164,dock
4165,watery
4166,bucket
4167,freely
4168,ring
4169,ozone
4170,church
4171,power
4172,magazine
4173,Christian
4174,crisis
4175,sparkly
4176,tempo
4177,thunder
4178,powers
4179,growl
4180,knife
4181,intelligence
4182,blackboard
4183,accuracy
4184,Hades
4185,inexperienced
4186,single
4187,commitment
4188,lemons
4189,onion
4190,corporation
4191,ego
4192,floppy
4193,not nice
4194,late
4195,kettle
4196,require
4197,group
4198,environmental
4199,Oregon
4200,aliens
4201,buggy
4202,has
4203,windy
4204,funny
4205,peer
4206,engine
4207,operator
4208,load
4209,control
4210,yours
4211,hole
4212,smelly
4213,crotch
4214,wrap
4215,button
4216,business
4217,oily
4218,pliable
4219,action
4220,plain
4221,snatch
4222,tough
4223,observation
4224,nourishment
4225,conscience
4226,dignified
4227,summer
4228,chic
4229,jelly
4230,wildlife
4231,vision
4232,gold
4233,pleasurable
4234,proof
4235,motorbike
4236,crawling
4237,pity
4238,Lincoln
4239,divide
4240,broil
4241,vitamins
4242,instruments
4243,chip
4244,taco
4245,closure
4246,isle
4247,language
4248,blurry
4249,shining
4250,active
4251,benefit
4252,army
4253,usage
4254,alphabet
4255,sorrow
4256,band
4257,turn
4258,babe
4259,parchment
4260,buying
4261,volcano
4262,vacant
4263,mouth
4264,insect
4265,tap
4266,scent
4267,pyramid
4268,chrome
4269,greeting
4270,board game
4271,remark
4272,title
4273,cruel
4274,blackberry
4275,chatter
4276,oddity
4277,royal
4278,mussel
4279,riding
4280,agree
4281,snap
4282,card
4283,boys
4284,nature
4285,cuss
4286,research
4287,skin
4288,critic
4289,guide
4290,wide
4291,Miami
4292,retirement
4293,entropy
4294,chameleon
4295,eggs
4296,tunnel
4297,hot dog
4298,behavior
4299,costume
4300,bake
4301,precious
4302,sixties
4303,opener
4304,departure
4305,experience
4306,occupy
4307,most
4308,rules
4309,somewhere
4310,grass
4311,risk
4312,grip
4313,important
4314,seek
4315,speaking
4316,lovers
4317,optimism
4318,rocket
4319,dresses
4320,goodwill
4321,mystery
4322,photo
4323,near
4324,grotesque
4325,ho
4326,calculus
4327,cleaner
4328,water
4329,articulate
4330,road trip
4331,English
4332,pretty
4333,unbelievable
4334,kitchen
4335,minuscule
4336,woman
4337,meaning
4338,pear
4339,childhood
4340,organized
4341,lounge
4342,your
4343,breathe
4344,spade
4345,passive
4346,explosion
4347,liberty
4348,smash
4349,boyfriend
4350,swift
4351,beauty
4352,season
4353,do
4354,endeavor
4355,cat
4356,dude
4357,shift
4358,dizzy
4359,hugs
4360,mustache
4361,rabbi
4362,discipline
4363,zeal
4364,plumbing
4365,useless
4366,soaring
4367,us
4368,craft
4369,immature
4370,exhaust
4371,public
4372,wrinkles
4373,nothing
4374,manage
4375,siblings
4376,vanity
4377,sterile
4378,show
4379,ownership
4380,blacksmith
4381,static
4382,nutritious
4383,recognize
4384,patient
4385,perimeter
4386,of course
4387,acorn
4388,pub
4389,jobs
4390,shall
4391,cookie
4392,beast
4393,develop
4394,nowhere
4395,submarine
4396,doing
4397,leggings
4398,slime
4399,frosty
4400,ivory
4401,golden
4402,spicy
4403,nausea
4404,be
4405,disaster
4406,obese
4407,apartheid
4408,glossy
4409,kilometer
4410,extreme
4411,tab
4412,eagle
4413,Hamlet
4414,forever
4415,smaller
4416,hush
4417,indulge
4418,creep
4419,barking
4420,medicine
4421,dessert
4422,anything
4423,dwelling
4424,program
4425,simile
4426,sexual
4427,floor
4428,overdone
4429,parent
4430,issue
4431,candy
4432,great
4433,swings
4434,mittens
4435,third
4436,attract
4437,lane
4438,jump
4439,challenging
4440,gossip
4441,poverty
4442,extra
4443,fluff
4444,malt
4445,robin
4446,grain
4447,angst
4448,month
4449,glory
4450,bet
4451,hay fever
4452,paint
4453,nightmare
4454,poke
4455,age
4456,coast
4457,Spain
4458,upset
4459,exciting
4460,related
4461,lift
4462,sin
4463,throb
4464,sunshine
4465,tan
4466,citrus
4467,superficial
4468,intelligent
4469,numbers
4470,river
4471,choices
4472,sprinkler
4473,frightening
4474,booze
4475,warmth
4476,clever
4477,shiver
4478,clay
4479,pain
4480,temperature
4481,gifts
4482,canoe
4483,shoot
4484,portrait
4485,greater
4486,cross
4487,on
4488,feathers
4489,similar
4490,trout
4491,Obama
4492,nice
4493,chemical
4494,slender
4495,Mussolini
4496,ore
4497,snail
4498,temporary
4499,beetle
4500,kill
4501,balance
4502,disgusting
4503,abs
4504,guardian
4505,laptop
4506,tangible
4507,snout
4508,janitor
4509,scatter
4510,agony
4511,aircraft
4512,snooker
4513,monarchy
4514,selling
4515,while
4516,addition
4517,buzz
4518,disassociate
4519,nursery
4520,exceptional
4521,sheep
4522,lawn
4523,wake up
4524,frog
4525,valued
4526,hyphen
4527,least
4528,bleed
4529,indeed
4530,warm
4531,arduous
4532,seconds
4533,axe
4534,sharpen
4535,spice
4536,pay
4537,hours
4538,tint
4539,wow
4540,tennis
4541,sane
4542,weakness
4543,receive
4544,earrings
4545,oven
4546,humor
4547,expand
4548,coma
4549,enhancement
4550,rattle
4551,hilarious
4552,blockade
4553,egg
4554,caption
4555,skate
4556,belief
4557,arm
4558,comb
4559,live
4560,awful
4561,French
4562,grow
4563,surface
4564,bale
4565,life
4566,carrier
4567,lasting
4568,grounds
4569,hardly
4570,wall
4571,subjective
4572,child
4573,share
4574,prayer
4575,fizz
4576,furious
4577,milk
4578,pigeon
4579,to
4580,mobility
4581,delta
4582,again
4583,microscope
4584,boom
4585,disdain
4586,toe
4587,bottom
4588,curly
4589,radiation
4590,efficient
4591,keen
4592,aggressive
4593,about
4594,fry
4595,enjoy
4596,blonde
4597,reply
4598,tools
4599,genuine
4600,asshole
4601,contraceptive
4602,someone
4603,scrape
4604,also
4605,crunch
4606,unused
4607,contrary
4608,saber
4609,porch
4610,pig
4611,incorrect
4612,melancholy
4613,compare
4614,continental
4615,bridge
4616,British
4617,nap
4618,often
4619,princess
4620,foggy
4621,cost
4622,bubble
4623,stinky
4624,germs
4625,iron
4626,many
4627,walk
4628,rest
4629,won't
4630,salty
4631,leaves
4632,gloves
4633,socialist
4634,amass
4635,gentleman
4636,desire
4637,freedom
4638,emotional
4639,gather
4640,discover
4641,motel
4642,rod
4643,valiant
4644,ewe
4645,vapor
4646,flowing
4647,unseen
4648,worker
4649,restaurant
4650,fortress
4651,font
4652,flu
4653,coin
4654,broken
4655,creamy
4656,goose
4657,drunk
4658,atheist
4659,impatient
4660,monthly
4661,rainy
4662,advertisement
4663,trunk
4664,expanse
4665,nibble
4666,soggy
4667,yearn
4668,car
4669,fingers
4670,decide
4671,birthday
4672,winner
4673,seat
4674,discovery
4675,district
4676,town
4677,infinite
4678,suggest
4679,cup
4680,sustenance
4681,sewing machine
4682,physics
4683,stress
4684,higher
4685,contract
4686,halt
4687,worth
4688,dying
4689,teamwork
4690,bullshit
4691,harmony
4692,sports
4693,counter
4694,attendant
4695,stationery
4696,deep
4697,fur
4698,farther
4699,engagement
4700,condiment
4701,cease
4702,cuckoo
4703,parts
4704,corn
4705,feeble
4706,sweat
4707,genitals
4708,elk
4709,Barbie
4710,scared
4711,mathematics
4712,firm
4713,muffin
4714,disappear
4715,wire
4716,manic
4717,feeling
4718,complex
4719,cloud
4720,beautiful
4721,wobble
4722,ships
4723,frosting
4724,see
4725,zipper
4726,construction
4727,mortar
4728,nor
4729,bunch
4730,harvest
4731,mustard
4732,wait
4733,on top
4734,amount
4735,body part
4736,sloppy
4737,flip
4738,park
4739,adversary
4740,united
4741,rectangle
4742,give
4743,peanut butter
4744,hemp
4745,mason
4746,career
4747,attitude
4748,promo
4749,brilliant
4750,haste
4751,beginner
4752,face
4753,global
4754,crew
4755,side
4756,proceed
4757,sketch
4758,window
4759,disposition
4760,choke
4761,coke
4762,court
4763,low
4764,butterfly
4765,fingernail
4766,ion
4767,bitter
4768,paste
4769,bone
4770,trailer
4771,magazines
4772,obstruction
4773,horn
4774,glutton
4775,dread
4776,bat
4777,calculator
4778,keyboard
4779,carry on
4780,questioning
4781,limit
4782,settlement
4783,heir
4784,punch
4785,lone
4786,white
4787,iced
4788,lawyer
4789,heels
4790,kiss
4791,frustrating
4792,opposite
4793,trees
4794,spurt
4795,score
4796,shiny
4797,confused
4798,almost
4799,ancient
4800,appreciate
4801,massive
4802,threat
4803,slowly
4804,labor
4805,childish
4806,dislike
4807,trench
4808,sheet
4809,boss
4810,over
4811,unclear
4812,well
4813,supply
4814,shine
4815,tear
4816,too much
4817,extensive
4818,mile
4819,arousal
4820,flat
4821,pollution
4822,find
4823,tricky
4824,schizophrenia
4825,liquor
4826,wood
4827,bare
4828,bits
4829,toxic
4830,frill
4831,solitude
4832,amen
4833,smack
4834,sale
4835,dangerous
4836,rice
4837,myself
4838,letters
4839,vanilla
4840,aggression
4841,product
4842,climb
4843,wipe
4844,wrong
4845,circus
4846,Australian
4847,lick
4848,roots
4849,automobile
4850,seven
4851,there
4852,study
4853,tidy
4854,aid
4855,jet
4856,tenet
4857,exploration
4858,pirates
4859,board
4860,idea
4861,support
4862,hyper
4863,quirky
4864,builder
4865,cockroach
4866,soil
4867,eight
4868,chain
4869,palm
4870,offended
4871,puke
4872,individual
4873,substitute
4874,branches
4875,lush
4876,zombies
4877,pan
4878,tasteless
4879,gown
4880,clock
4881,room
4882,doorbell
4883,hash
4884,disgust
4885,charming
4886,midget
4887,boundary
4888,things
4889,show up
4890,bike
4891,Chinese
4892,luck
4893,orthodontist
4894,moving
4895,foreign
4896,limits
4897,misery
4898,vital
4899,contrast
4900,mast
4901,stupid
4902,fancy
4903,attention
4904,materials
4905,reverse
4906,TV show
4907,shock
4908,pointed
4909,more
4910,wise
4911,interaction
4912,lust
4913,vomit
4914,mug
4915,dirty
4916,travel
4917,employ
4918,plague
4919,cereal
4920,crayon
4921,uncommon
4922,draw
4923,condo
4924,vulnerable
4925,wander
4926,hip
4927,quill
4928,tiny
4929,baker
4930,William
4931,adore
4932,ignorant
4933,nocturnal
4934,heaps
4935,ballet
4936,weeks
4937,pudding
4938,strange
4939,groceries
4940,leading
4941,fat
4942,airport
4943,learn
4944,unknown
4945,lipstick
4946,steal
4947,values
4948,ritual
4949,verb
4950,marathon
4951,cupcake
4952,fin
4953,brat
4954,torment
4955,poet
4956,delicate
4957,biased
4958,vehicle
4959,foot
4960,dried
4961,through
4962,bottle
4963,coaster
4964,bark
4965,dust
4966,puffy
4967,alot
4968,eighties
4969,crispy
4970,wind
4971,apply
4972,credit card
4973,stab
4974,toothpaste
4975,foster
4976,elated
4977,creativity
4978,winter
4979,nut
4980,legal
4981,mute
4982,artificial
4983,loving
4984,teacher
4985,papyrus
4986,burnt
4987,sea
4988,then
4989,blankets
4990,abdomen
4991,search
4992,piano
4993,resist
4994,evaluate
4995,papers
4996,eyeshadow
4997,ill
4998,April
4999,raisin
5000,fishing
5001,boredom
5002,chore
5003,internet
5004,bolts
5005,magnificent
5006,marry
5007,fucking
5008,question
5009,bath
5010,dung
5011,jumper
5012,munch
5013,scarlet
5014,man
5015,garden
5016,socks
5017,prune
5018,color
5019,Crayola
5020,doors
5021,fine
5022,faucet
5023,girth
5024,quarter
5025,dollars
5026,gel
5027,hour
5028,snore
5029,marijuana
5030,cooked
5031,Ireland
5032,you
5033,manual
5034,items
5035,trousers
5036,dive
5037,valley
5038,wedding
5039,angel
5040,thing
5041,recreation
5042,cap
5043,hierarchy
5044,goofy
5045,opening
5046,petrol
5047,Labrador
5048,across
5049,holy
5050,graceful
5051,laundry
5052,bloody
5053,pitiful
5054,lions
5055,secure
5056,worm
5057,half
5058,art
5059,make
5060,rose
5061,frustration
5062,globe
5063,visage
5064,wasp
5065,penguin
5066,grave
5067,the
5068,sibling
5069,vitamin
5070,suffering
5071,intentions
5072,constant
5073,diamond
5074,vault
5075,detergent
5076,author
5077,vegetables
5078,mistake
5079,angels
5080,vest
5081,chocolate bar
5082,paragraph
5083,alcoholic
5084,likely
5085,president
5086,untrustworthy
5087,driving
5088,vain
5089,champion
5090,fright
5091,worms
5092,drive
5093,tavern
5094,elephants
5095,expire
5096,restrict
5097,put
5098,cupboard
5099,joined
5100,unlucky
5101,capital
5102,stain
5103,ketchup
5104,laser
5105,soar
5106,breath
5107,dad
5108,New York
5109,clause
5110,song
5111,trim
5112,social
5113,apart
5114,smoke
5115,contentment
5116,holidays
5117,ours
5118,spark
5119,diapers
5120,mower
5121,human
5122,year
5123,toll
5124,crust
5125,etiquette
5126,crisp
5127,righteous
5128,spiritual
5129,stroke
5130,alloy
5131,singing
5132,name
5133,UK
5134,confidence
5135,neutral
5136,smirk
5137,doll
5138,bird
5139,beard
5140,rake
5141,slut
5142,undead
5143,snack
5144,cheetah
5145,foil
5146,knitting
5147,word
5148,member
5149,build
5150,flex
5151,wheels
5152,pilot
5153,plants
5154,enlighten
5155,astronomy
5156,rug
5157,Steve
5158,awareness
5159,sugary
5160,fate
5161,countryside
5162,front
5163,survival
5164,tornado
5165,ended
5166,elevator
5167,subject
5168,plentiful
5169,kite
5170,rock
5171,verse
